"gene","coef"
"ITGA5",0.539228706918329
"SHF",0.402801252499735
"SNRPN",-0.311348715525851
